"filename", "language", "Python", "Markdown", "pip requirements", "JSON", "TXT", "YAML", "XML", "comment", "blank", "total"
"/Users/JawanHaider/Documents/Projects/Collaborative/Dogar/flywasp-fd/README.md", "Markdown", 0, 106, 0, 0, 0, 0, 0, 0, 59, 165
"/Users/JawanHaider/Documents/Projects/Collaborative/Dogar/flywasp-fd/docs/FD_RNN_Implementation_writeup.txt", "TXT", 0, 0, 0, 0, 137, 0, 0, 37, 67, 241
"/Users/JawanHaider/Documents/Projects/Collaborative/Dogar/flywasp-fd/docs/RNN Implementation.txt", "TXT", 0, 0, 0, 0, 137, 0, 0, 37, 67, 241
"/Users/JawanHaider/Documents/Projects/Collaborative/Dogar/flywasp-fd/docs/dir_tree.txt", "TXT", 0, 0, 0, 0, 60, 0, 0, 4, 2, 66
"/Users/JawanHaider/Documents/Projects/Collaborative/Dogar/flywasp-fd/docs/onboarding_raw.md", "Markdown", 0, 70, 0, 0, 0, 0, 0, 0, 21, 91
"/Users/JawanHaider/Documents/Projects/Collaborative/Dogar/flywasp-fd/docs/project_structure.md", "Markdown", 0, 64, 0, 0, 0, 0, 0, 0, 22, 86
"/Users/JawanHaider/Documents/Projects/Collaborative/Dogar/flywasp-fd/notebooks/1.0-jh-initial-data-exploration.ipynb", "JSON", 0, 0, 0, 121, 0, 0, 0, 0, 1, 122
"/Users/JawanHaider/Documents/Projects/Collaborative/Dogar/flywasp-fd/notebooks/2.0-jh-initial-rnn-exploration.ipynb", "JSON", 0, 0, 0, 202, 0, 0, 0, 0, 1, 203
"/Users/JawanHaider/Documents/Projects/Collaborative/Dogar/flywasp-fd/notebooks/3.0-jh-initial-rnn-exploration.ipynb", "JSON", 0, 0, 0, 3024, 0, 0, 0, 0, 1, 3025
"/Users/JawanHaider/Documents/Projects/Collaborative/Dogar/flywasp-fd/notebooks/config/rnn_ff-mw_v1/20231020_1700_config_4b1b7e97ec515d9a4dbee184212e1d3b.yaml", "YAML", 0, 0, 0, 0, 0, 16, 0, 0, 1, 17
"/Users/JawanHaider/Documents/Projects/Collaborative/Dogar/flywasp-fd/notebooks/config/rnn_ff-mw_v1/20231020_1701_config_971fce5d8c82c2d1bf8db68939c8162d.yaml", "YAML", 0, 0, 0, 0, 0, 16, 0, 0, 1, 17
"/Users/JawanHaider/Documents/Projects/Collaborative/Dogar/flywasp-fd/notebooks/models/rnn_ff-mw_v1/20231020_1700_model_2c92c2793be07eaf3765665d6287ded4_4b1b7e97ec515d9a4dbee184212e1d3b.pt", "XML", 0, 0, 0, 0, 0, 0, 149, 0, 1, 150
"/Users/JawanHaider/Documents/Projects/Collaborative/Dogar/flywasp-fd/notebooks/models/rnn_ff-mw_v1/20231020_1701_model_2c92c2793be07eaf3765665d6287ded4_971fce5d8c82c2d1bf8db68939c8162d.pt", "XML", 0, 0, 0, 0, 0, 0, 149, 0, 1, 150
"/Users/JawanHaider/Documents/Projects/Collaborative/Dogar/flywasp-fd/requirements.txt", "pip requirements", 0, 0, 0, 0, 0, 0, 0, 0, 1, 1
"/Users/JawanHaider/Documents/Projects/Collaborative/Dogar/flywasp-fd/setup.py", "Python", 0, 0, 0, 0, 0, 0, 0, 0, 1, 1
"/Users/JawanHaider/Documents/Projects/Collaborative/Dogar/flywasp-fd/src/RNN Implementation.py", "Python", 233, 0, 0, 0, 0, 0, 0, 81, 110, 424
"/Users/JawanHaider/Documents/Projects/Collaborative/Dogar/flywasp-fd/src/__init__.py", "Python", 0, 0, 0, 0, 0, 0, 0, 0, 1, 1
"/Users/JawanHaider/Documents/Projects/Collaborative/Dogar/flywasp-fd/src/data_preprocess/__init__.py", "Python", 0, 0, 0, 0, 0, 0, 0, 0, 1, 1
"/Users/JawanHaider/Documents/Projects/Collaborative/Dogar/flywasp-fd/src/data_preprocess/feature_engineering.py", "Python", 55, 0, 0, 0, 0, 0, 0, 52, 9, 116
"/Users/JawanHaider/Documents/Projects/Collaborative/Dogar/flywasp-fd/src/data_preprocess/preprocessing.py", "Python", 169, 0, 0, 0, 0, 0, 0, 186, 34, 389
"/Users/JawanHaider/Documents/Projects/Collaborative/Dogar/flywasp-fd/src/data_preprocess/rnn_data_prep.py", "Python", 235, 0, 0, 0, 0, 0, 0, 285, 70, 590
"/Users/JawanHaider/Documents/Projects/Collaborative/Dogar/flywasp-fd/src/main.py", "Python", 60, 0, 0, 0, 0, 0, 0, 36, 20, 116
"/Users/JawanHaider/Documents/Projects/Collaborative/Dogar/flywasp-fd/src/misc/1.0_fd_rnn_initial_exploration.py", "Python", 53, 0, 0, 0, 0, 0, 0, 35, 31, 119
"/Users/JawanHaider/Documents/Projects/Collaborative/Dogar/flywasp-fd/src/misc/2.0_fd_rnn_exploration.py", "Python", 111, 0, 0, 0, 0, 0, 0, 38, 50, 199
"/Users/JawanHaider/Documents/Projects/Collaborative/Dogar/flywasp-fd/src/misc/3.0_fd_rnn_implementation.py", "Python", 233, 0, 0, 0, 0, 0, 0, 81, 110, 424
"/Users/JawanHaider/Documents/Projects/Collaborative/Dogar/flywasp-fd/src/misc/main_v0.py", "Python", 132, 0, 0, 0, 0, 0, 0, 20, 17, 169
"/Users/JawanHaider/Documents/Projects/Collaborative/Dogar/flywasp-fd/src/misc/misc_utilities.py", "Python", 40, 0, 0, 0, 0, 0, 0, 133, 17, 190
"/Users/JawanHaider/Documents/Projects/Collaborative/Dogar/flywasp-fd/src/misc/test.py", "Python", 15, 0, 0, 0, 0, 0, 0, 1, 4, 20
"/Users/JawanHaider/Documents/Projects/Collaborative/Dogar/flywasp-fd/src/models/__init__.py", "Python", 0, 0, 0, 0, 0, 0, 0, 0, 1, 1
"/Users/JawanHaider/Documents/Projects/Collaborative/Dogar/flywasp-fd/src/models/baseline_models.py", "Python", 0, 0, 0, 0, 0, 0, 0, 0, 1, 1
"/Users/JawanHaider/Documents/Projects/Collaborative/Dogar/flywasp-fd/src/models/helpers_rnn.py", "Python", 119, 0, 0, 0, 0, 0, 0, 110, 41, 270
"/Users/JawanHaider/Documents/Projects/Collaborative/Dogar/flywasp-fd/src/models/old/rnn_model_v0.py", "Python", 95, 0, 0, 0, 0, 0, 0, 11, 28, 134
"/Users/JawanHaider/Documents/Projects/Collaborative/Dogar/flywasp-fd/src/models/rnn_model.py", "Python", 63, 0, 0, 0, 0, 0, 0, 182, 34, 279
"/Users/JawanHaider/Documents/Projects/Collaborative/Dogar/flywasp-fd/src/models/train_eval.py", "Python", 114, 0, 0, 0, 0, 0, 0, 152, 38, 304
"/Users/JawanHaider/Documents/Projects/Collaborative/Dogar/flywasp-fd/src/utils/__init__.py", "Python", 0, 0, 0, 0, 0, 0, 0, 0, 1, 1
"/Users/JawanHaider/Documents/Projects/Collaborative/Dogar/flywasp-fd/src/utils/utilities.py", "Python", 63, 0, 0, 0, 0, 0, 0, 29, 11, 103
"Total", "-", 1790, 240, 0, 3347, 334, 32, 298, 1510, 876, 8427